{
  "todos ": [
    {
      "id": "1",
      "todo": "야구장",
      "desc": "프로야구 경기도 봐야합니다.",
      "done": false
    },
    {
      "id": "2",
      "todo": "놀기",
      "desc": "노는 것도 중요합니다.",
      "done": false
    },
    {
      "id": "3",
      "todo": "Vue 학습",
      "desc": "Vue 학습을 해야 합니다.",
      "done": false
    },
    {
      "id": "4",
      "todo": "ES6 공부",
      "desc": "ES6 공부를 해야 합니다.",
      "done": false
    }
  ]
}
